No,Question,Top-K (k=3),Top-K (k=5),MMR (Chosen Strategy),Recommendation
1,What is normalization?,"Answer: Normalization is a process of designing a database to ensure that it has minimal redundancy, eliminates anomalies, and facilitates retrieval of data easily. It involves identifying the normal forms of a table or relation scheme, which are those forms in which each column (or attribute) corresponds to exactly one row (or tuple). Normalization improves database design by reducing the complexity of the structure and making it easier to manage, retrieve, and update data. By eliminating redundant data, normalization can also improve query performance by reducing the number of necessary joins. In summary, normalization is an essential part of database design that ensures data quality and reduces the workload for database administrators.","Here is the correct response to the question based on the given instructions and context:

Question: What is normalization?

Response: Normalization, a process of designing a database schema in an appropriate normal form, eliminates data redundancies and undesirable characteristics like insertion, deletion, or modification. It aims to improve the database's performance by allowing easier retrieval of data. By following this approach, it prevents anomalies from occurring in the database design.","The context provided in the given instruction does not include detailed explanations or step-by-step reasoning for ""normalization."" The guidelines of ""normalization,"" as mentioned in the material, refer to a process called Decompposition process or ""Noormalization."" In other words, normalization is a process of designing the schema in an appropriate normal form based on minimizing redundancy, removing anomalies for database activity, and eliminating data redundancy. Normal forms are functional dependencies that eliminate duplication and ensure minimal data redundancy. The given instruction does not provide any further explanation or step-by-step reasoning about ""normalization.""",MMR provided the best balance
2,Explain ACID properties.,"Question: Explain the Atomicity, Consistency, Isolation, and Durability (ACID) properties of a database system as discussed in the context provided.

Answer: ACID is a design pattern used to implement database systems that provide three essential characteristics, which are atomicity, consistency, and isolation.

Atomicity: In database systems, it means that all updates made to data are recorded and applied to the data at once, either in real-time or when the transaction completes successfully. If one or more of these updates can be undone or rolled back by mistake, the entire transaction would have failed and there could be severe consequences.

Consistency: In a database system, consistency means that all updates are recorded at each point in time, regardless of whether they were successful or not. This ensures that users see consistent data even if one or more updates fail due to errors, natural phenomena, or human interference.

Isolation: Inevitably, there will be some data that can be updated concurrently by multiple users without affecting other users' data. In a database system, isolation ensures that each update is made only by the intended user and under their exclusive control. This prevents conflicts between multiple updates to the same record or table from happening simultaneously.

Durability: Whenever there are any data changes in a database system, they must be reflected accurately across all connected devices or systems to prevent disasters such as data corruption or system crashes. In a database system, durability means that any changes made to the database are permanent and cannot be undone.

In summary, ACID properties provide certainty in their design, making it easier for users to rely on a database system and guaranteeing its performance, scalability, availability, reliability, security, and integrity.","Sure! Here's a step-by-step explanation of the four properties we call them the ACID Properties, as defined in the given material:

1. Atomicity: This means that either all of the instructions within the transaction will be reflected in the database or none of them will be reflected. For example, if we have two accounts A and B with Rs 1000/- each, then A = A - 100; B = B + 100; Read A; Write A; Read B; Write B. If all the instructions are executed successfully (i.e., A = A - 100 and B = B + 100), then we can safely assume that all of the data within the database has been updated or committed (i.e., Accounts A and B have both received their desired deposits).

2. Consistency: This means that all transactions performed in a single session will be reflected in the database at the same time, i.e., any changes made to one transaction cannot be undone by any subsequent updates to the same or different tables. For example, if we have two accounts A and B with Rs 1000/- each, then A = A - 100; B = B + 100; Read A; Write A; Read B; Write B; Commit B; Commit A. If all the transactions are successfully committed (i.e., Accounts A and B have both received their desired deposits), then we can safely assume that the database is consistent, i.e., all of the data within the database has been updated or committed at the same time.

3. Isolation: This means that if multiple transactions are performed in a single session (e.g., A writes to Accounts A and B simultaneously), then the second transaction should be executed before the first transaction is completed, i.e., each transaction should have a guaranteed execution order in terms of the database updates. For example, if we have two accounts A and B with Rs 1000/- each, then A = A - 100; B = B + 100; Read A; Write A; Read B; Write B; Commit A; Commit B. If we try to commit transaction B before transaction A is completed (i.e., Accounts A and B are still being updated), then the database will not be consistent, i.e., the second transaction might have caused an error or inconsistency.

4. Read-Write Locking: This means that if a transaction wants to read data from a table (e.g., Bank accounts A and B) but can't write to it simultaneously, then a read lock is held on the affected rows until a subsequent update is issued. For example, if we have two accounts A and B with Rs 1000/- each, then A = A - 100; B = B + 100; Read A; Write A; Read B; Write B; Commit A; Commit B. If transaction A tries to read from the table again (i.e., Accounts A and B are still being updated), then a read-write lock is held on the affected rows until transaction B completes, or an error occurs.

In summary:

1. Atomicity: All instructions within a single session will be executed in their intended order, i.e., all data updates/deletes and transactions are performed in the same session. 2. Consistency: All updates and transactions to a single table or database must be executed successfully before any subsequent updates can be issued, i.e., the database is consistent. 3. Isolation: Multiple simultaneous reads (i.e., transactions) should be executed before writes/updates can occur on a particular table, i.e., read-write locks are held on affected rows until the write operation completes. 4. Read-Write Locking: If a transaction wants to perform multiple reads simultaneously but cannot simultaneously update data in a single session (i.e., a read-modify-write lock), then transactions must be issued in sequence, with the first transaction attempting to read from the affected rows and waiting for subsequent updates/writes to complete before issuing another request.","1. Definition: The four ACID properties are Atomicity, Consistency, Isolation, and Durability.

2. Detailed Explanation: Atomicity ensures that all operations in a transaction (e.g., write, read) performed by a single thread on the same data in a database will be executed as part of a single atomic operation. This means that any changes made to the database in one transaction will be applied to the database in another transaction, without any intervening steps or other operations being executed.

3. Examples: A transaction can consist of multiple writes, such as updating an employee's salary and depositing a check. In this case, the atomicity property ensures that all operations are performed in one single atomic operation to ensure that the final result is consistent across all transactions.

4. Property 1: Reads from the database will return consistent results regardless of the order in which reads were performed. This means that even if multiple threads perform a read operation before a write, the results should be consistent, and the database will only have one version of the data, no matter how many writes are being made simultaneously.

5. Property 2: Writes to the database will be executed in a single atomic operation (read and modify), ensuring that the changes are applied to the database as a single unit. This means that if a write is interrupted (e.g., due to a network error or system interruption) before the write can be completed, the transaction will still successfully complete with the correct result.

6. Property 3: Transactions must hold at least one read operation and one write operation, to ensure consistency across all writes made in that transaction. This means that if multiple reads are being performed concurrently, they must all return consistent results.

7. Property 4: The database can only support transactions with these four ACID properties (atomicity, consistency, isolation, and durability), as each property is mutually exclusive and cannot be combined with the others. This ensures that a transaction will only succeed if it meets all of the four ACID properties in order.

Conclusion: The four ACID properties are critical for maintaining the integrity and consistency of a database, making it possible to trust the data that is stored within it. By following these principles, developers can build robust and reliable databases that can withstand any interruptions or errors that may occur during transactions.",MMR provided the best balance
3,What is transaction?,"1. Define ""transaction""
   - Transaction is a programming unit of work whose execution may change the database.
2. Explain the concept of consistency in databases
   - A database should always be kept in a consistent state before and after executing transactions.
3. Examples of transaction-related operations
   - Reading (i.e., getting data) operations: these are operations that require the database to remain in a consistent state before and after executing the transaction.
   - Writing (i.e., updating or inserting data): these are operations that can change the database's state based on its current state.
4. Summarize the importance of maintaining consistency in databases
   - Transactions ensure that data is saved in a consistent state before and after executing them. This leads to better-performing applications and improved user experiences.
5. Provide an example of how reading (i.e., getting) operations are different from writing (i.e., updating or inserting) operations in terms of database consistency","Sure! Here's the answer to the question: a transaction is an event that occurs on the database. A transaction can both read and write on the database, but there are some fundamental ones that follow certain rules. The context explains that the explanation has been taken from a document, and not from the actual material. However, if there's no context provided for the question, the answer would be: a transaction is an event that occurs on the database.","To answer the question ""What is a Transaction?"", we need to first define the concept of a transaction, as it plays a crucial role in database management systems (DBMS). In a DBMS, a transaction is an event that occurs on the database. A transaction may consist of several operations such as reading or writing a value in the database.

A transaction can be either read-only (non-transactional) or read-write (transactional). When a transaction is started, it has a default level of isolation - SERIALIZABLE. This means that the database will be locked during the entire duration of the transaction and all writes made by other transactions are protected from being executed until the transaction is complete.

In summary, a transaction in a DBMS is an event (such as reading or writing a value) that occurs on the database while maintaining the read-write isolation level.

Examples:
1. A user reads a row of data from a table, which belongs to a customer account with a specific ID (read). The transaction has SERIALIZABLE isolation level and it is started before performing the actual reading operation. Once done, the transaction is committed to ensure that other transactions cannot read the same record until after the current one completes (commit).
2. A system administrator updates the customer account information in a database using an SQL script, which needs to be rolled back to revert the changes when there is no more need for the updated data (rollback). The transaction has serializable isolation level and it is started before performing any update operations. Once done, the rollback operation is committed, reverting all modified data to their previous state (commit).",MMR provided the best balance
4,Difference between DELETE and TRUNCATE?,"Question:
Given the text material, what is the difference between deleting a record from a database using a DELETE operation and truncating it?

Step-by-step reasoning:
1. Definition - A DELETE operation is a logical undo operation in which all affected data in a table or index is removed permanently. It cancels out any inserts, deletes, or updates that were performed on the related records beforehand.
2. Detailed Explaination - In contrast, a TRUNCATE operation is used to remove temporary tables and indexes from the database. It is called an undo operation since it undoes any insert, update, or delete operations that were performed after the data was truncated.
3. Example (if applicable) - A scenario where one might use a DELETE operation instead of a TRUNCATE would be when one wants to remove temporary tables and indexes created for a specific purpose but later no longer required. In contrast, if a table is being deleted permanently, using a TRUNCATE would be appropriate.
4. Logical Undo Logging - While both DELETE and TRUNCATE have logging capabilities on the relevant tables or index in a database, it is possible to identify which operation occurred during each log entry since the operations are performed sequentially. 
Overall, the difference between DELETE and TRUNCATE is that while a DELETE operation cancels out any inserts, deletes, or updates that were previously performed on related records, a TRUNCATE simply removes temporary tables and indexes.","Sure, here's a step-by-step explanation of the difference between DELETE and TRUNCATE in the context of the examples provided earlier.

Examples:

1. Analyzing Context:

[Document(metadata={}, page_content='elections) are undone by executing a deletion (resp. Inssertion) operation (known as logical undo). Suitably logging is called logical undo logging, in contrast to physical undo logging. Operation deletes of tuple, to undo insert of tuple allows early lock release on space allocation information, subtracts amount deposited, allows')]

In this example, ""logical undo"" refers to the action to be taken after the logical operation (i.e. Logically undoing or rolling back an action). In this case, it means deleting a row from a table, as opposed to inserting a new row. 

2. Detailed Explanation:

Explanation:

DELETE FROM EMPI (WHERE EMPNO NOT IN (SELECT EMPNO FROM EMP WHERE PNAME = 'Radhika'))

In this example, ""DELETE FROM"" refers to deleting a specific row from a table, which in this case is the employees table. It contains a condition that selects rows where the name of the employee (EMPNO) does not match the given name of Radhika. 

TRUNCATE TABLE EMP (WHERE PNAME LIKE 'Radhika')

In this example, ""TRUNCATE"" refers to completely removing all data from a table, including the names and other information. It contains a condition that selects rows where the given name of Radhika is found in the table's name column. 

Notes:

- In DELETE, the ""WHERE"" clause specifies which rows to delete, while ""IN (SELECT...)"" in TRUNCATE specifies which tables to use as the basis for the operation. - The ""NOT IN"" condition in DELETE refers to the fact that some or all of the rows selected by the condition must not exist, but the deleted row is no longer necessary since it was removed from the table. In contrast, the ""IN"" condition in TRUNCATE is a check to ensure that at least one row exists that matches the selection criteria. - The difference between DELETE and TRUNCATE also includes how they perform the delete or truncate operation on the underlying data. For example, in DELETE, the actual rows themselves are deleted from disk using the ""DELETE FROM"" command. In contrast, TRUNCATE uses a different method to remove them (i.e., rename/reassign the table column's name), which can have different implications on performance and reliability depending on the specific case.","In the context provided, the instructions are as follows: ""Instruction for Analyzing the Context.""

1. Analyze the definition of the word ""Deletion"" in context. The first sentence provides that it refers to ""undone by executing a deletion (resp. Suit insertion) operation"", which seems to be logical undo logging.

2. Detail out the specifics of logical undo logging, such as the conditions required for undoing an insert or deleting a tuple.

3. Give an example of how to use logical undo logging, i.e., a case where a deletion operation needs to be executed to undo its effect.

4. Provide a step-by-step reasoning of logical undo logging, which involves executing the appropriate ""logical"" operations and releasing resources held during the execution.

Overall, the instructions should provide a clear understanding of the meaning and use of the word ""Deletion"" in context.",MMR provided the best balance
5,What is indexing?,"1. Definition: Indexing is the process of grouping related data together based on some common attribute or field, making it easy to search and access without having to retrieve each record individually. This reduces the time and effort required to find specific records in large datasets.
2. Detailed Explaination: In an index file, each record is associated with a unique identifier called a ""pointer"" that points to the next record. The pointer is used to quickly locate a particular record based on its key value or attribute value. This method of indexing speeds up search and retrieval times for specific data.
3. Example: A bookstore catalog, where each book has an author's name as an index entry, making it easier for customers to find specific books based on the authors they are interested in reading.
4. Instructor's Instructions: ""Ally much smalle r than the o pointer search-key"" means that the index file is smaller or has fewer keys compared to other search methods. In general, larger indexes have more records but take longer to retrieve or search.
5. Context: The instruction is from an instructor who is teaching a database management system course to help students understand basic concepts of indexing and searching for specific data.","Indexing is the process of storing and searching data based on specified criteria or values in a particular order, typically in a file. It helps in optimizing access times for faster retrieval of desired data. In simple terms, indexing involves creating an index file or database that stores and organizes data based on specific criteria.

Here's how the process could go:

1. Define the seaRCeShKey (a key-value pair) for each record to be indexed in the file. 2. Create an ordered index, sorted by the seaRCeShKey, in a sequentially ordered file. 3. Search for records based on specific criteria using the seaRCeShKey in the index file.

Examples:
- A student's academic transcript may contain information such as name, gender, academic level, and course titles. Indexing this data can be done by creating an ordered index based on these attributes. If a student is looking for their final transcript, they could search for ""Gender: Male"" using the indexed attribute value (Male).
- A database of books could be organized in an ordered index based on title and author, with ISBN codes as keys. When searching for a specific book, the system could retrieve all books with the same ISBN code from the index file.","Yes, you have provided a detailed answer to the question ""What is indexing?"" in the context of a university student's assignment. The definition given is that indexing refers to organizing data by creating index files or tables that allow for quick access and search for specific data based on search keys. In this case, it could be the seaRCSearch key (which stands for Search Key) used to identify records with specified values in a certain attribute.

The first step in understanding how indexing works is to understand how index files are structured. Index files contain entries or indexes for each record, where the index entry contains information about the specific value associated with that record's seaRCSearch key. The search key is usually made up of a combination of attributes that describe the records, such as name, age, and hometown.

The second step in accessing data using indexing is to use the search keys (SEARCH KEYS). Whenever someone searches for a record with a specific value associated with the seaRCSearch key, the index file is used to quickly locate that record. The search key is then used to identify that specific record.

In conclusion, indexing is an important concept in data organization and retrieval, especially when dealing with large datasets or complex data structures. By using indexes, users can access and analyze the data efficiently by searching for specific values or attributes related to a certain data set.",MMR provided the best balance
6,What is deadlock?,"Based on the provided context, the question is about ""is called a deadlock"" and the definition, detailing, and example of a deadlock.

1. To handle a deadlock one of T3 or T4 must be rolled back and its lock(s) relieved.
2. The potential for deadlock exists in most locking protocols. Deadlocks are necessary evils.
3. Starvation is also possible if concurrency control manager is badly designed, leading to repeated rollbacks of locks.
4. A transaction may be waiting for an X-lock on an item while a sequence of other transactions requests and obtains an S-lock on the same item. In such cases, the potential for deadlock exists.

In summary: Deadlock occurs when concurrent transactions or sequences (concerning multiple items) request to lock the same items simultaneously, causing conflicts between different transactions or sequences. The possible solutions are rollback of locks by one or more transactions/sequences affected by the deadlock. In this context, ""deadlock"" refers to a situation where concurrent transactions/sequences request and obtain locks on the same item(s), leading to repeated rollbacks (or ""reboots"") of locks. The potential for deadlock exists in most locking protocols, and starvation is also possible if design issues are encountered.","Sure! Here's the answer in more detail:

1. Definition: Deadlock occurs when two or more concurrent transactions are waiting for the same lock, which can prevent other transactions from proceeding. In the context provided by the question, a deadlock is when both transactions (T3 and T4) are waiting for an X-lock on an item, while another transaction (S) is waiting for the same lock on that same item.

2. Detailed Explaination: The potential for deadlock exists in most locking protocols because any two locks can only be granted to one transaction at a time. If both T3 and T4 are waiting for an X-lock on an item, then they will both block each other's progress until the lock is relased by S. However, if S is also trying to obtain the same lock, it may be blocked as well, leading to a deadlock situation.

3. Example (if applicable): In the given material, example 1 involves T3 waiting for an X-lock on an item while another transaction (S) is requesting and granting S-locks on that item. Example 2 involves T4 waiting for an X-lock on an item while S requests an S-lock. In both cases, the potential for deadlock exists due to multiple transactions holding locks on the same item at any given time.

In summary, a deadlock occurs when two or more concurrent transactions are waiting for the same lock, which can prevent other transactions from proceeding.","Certainly! Deadlock is a situation where one or more transactions are waiting for an unachievable resource, such as a lock, while other transactions are waiting to obtain the same resource. In our context, this can be seen when there are two processes trying to acquire locks on the same object at the same time in the Database Management System. These actions repeatedly block each other, leading to a deadlock situation. The key to handling deadlocks is to roll back one of the locked-down transactions to release its lock, thereby allowing the others to proceed with their actions. In our context, this could mean rolling back the transaction that was waiting for T3's lock on B, and releasing T4's lock on A. The potential for deadlock exists in most locking protocols, and deadlock detection algorithms can trigger repeatedly until one process achieves its objective or another prevents it from doing so.",MMR provided the best balance
7,What is foreign key?,"Response:

Foreign key is a type of constraint in a relational database that ensures that data entered into one table is not duplicated within another. It is used to enforce the primary key and unique constraints on the referenced or parent table. In the context provided, foreign keys are present in the `table name 1` table where columns with primary key (`roll number (10)`) and reference column (`branch`) are present. The `check` condition defined in the `EXAMPLE` section ensures that data entered into the `std` table is not duplicated within the `std` table. The `CHECK` statement defines a constraint that enforces that roll number uniquely belongs to its branch, and thus prevents duplicating roll numbers across tables.

The main purpose of foreign keys in relational databases is to ensure data consistency by preventing duplicate data entry into one table. They are commonly used in relation-based applications with many tables where a single primary key can be used as the unique identifier for all the tables involved. In the context provided, foreign keys define the constraints between the `table name 1` and the `std` table where roll numbers cannot be duplicated across both tables. This ensures that only valid data is entered into each table, avoiding potential issues like data loss or inconsistency.","Sure! Here's the structured answer to the question:

Foreign key refers to a relationship between two tables that involves a unique identifier (e.g., an integer or a string) from one table and another table as a foreign key reference. The referencing table (usually referred to as the ""parent"" table) is responsible for providing the primary key value, which serves as the foreign key for the other table (usually referred to as the ""child"" table). A foreign key is typically required by the parent table because it ensures that there is only one row in the child table with a given primary key value. In the context of an example table-level relationship between instructor and student, the following would be a foreign key relationship:

Student table:
| ID | Name | Age | Gender |
|---|------|----|-------|
| 1  | John | 25  | Male   |
| 2  | Jane | 30  | Female |

Instructor table:
| ID | Name          | Department         |
|---|---------------|--------------------|
| 1  | Dr. Smith     | Computer Science |
| 2  | Ms. Brown     | Business Management|

In this example, the foreign key attribute ""Department"" in the instructor table is a reference to the Department column of the student table. The primary key value (either 1 or 2) in the student table is used as the unique identifier for that row in the instructor table. This ensures that there can only be one row with the given Primary Key value in each direction (i.e., both directions, from Student to Instructor and vice versa).","Sure, here's an explanation of the definition and step-by-step reasonings for the foreign key in the context provided:

1. Definition: A foreign key is a referential key used to link two tables together for retrieval purposes. It must be a primary key of one table, so the referring table must contain only such unique identifiers as exist for the referencing table. In other words, a foreign key exists between the base table and the referenced table if and only if the primary keys of both tables match.

2. Detailed Explanation:
- The document (metadata) provides the following information:
  - Definition: A foreign key is a referential key used to link two tables together for retrieval purposes. It must be a primary key of one table, so the referring table must contain only such unique identifiers as exist for the referencing table. In other words, a foreign key exists between the base table and the referenced table if and only if the primary keys of both tables match.

- Example:
- CREATE TABLE table_name 1 (Column_name 1 data_type PRIMARY KEY, Column_name 2 data_type)
- CREATE TABLE other_table_name 1 (Column_name 1 data_type PRIMARY KEY, Column_name 2 data_type)

3. Step-by-step Reasonings:
a. First, identify the foreign key in question: It is a primary key of one table, so the referring table must contain only such unique identifiers as exist for the referencing table.

b. Analyze the document (metadata): The document (metadata) provides the following information on the foreign key: it must be a primary key of one table, so the referring table must contain only such unique identifiers as exist for the referencing table.

c. Structural explanation:
- Step 1: Detailed Explanation
  - The relation r1 is also called the referencing relation of the foreign key dependency, and r2 is called the referenced relation of the foreign key. For example, the attribute dept name in instructor is a foreign key from insstrctor, referen'
  - Step 2: Detailed Explanation
    - The table_name column type is data_type PRIMARY KEY
      - A primary key must be a unique identifier, so this indicates that the referencing table only contains unique identifiers.
    - The other_table_name column type is data_type PRIMARY KEY
      - Another primary key must be present in another_table_name, so this implies that the referring table also contains unique identifiers (i.e., a foreign key), indicating that these two tables are related by a foreign key.

4. Example:
- A student has multiple IDs, each unique and must not exist in more than one table. A teacher can have multiple IDs, but only one should be referenced from the other_table_name.",MMR provided the best balance
8,What is 3NF?,"1. Definition:
In Database Management System (DBMS), a relation (table) is said to be in third normal form (3NF) if it satisfies the following conditions:
a) All primary key columns are present and have no null values;
b) All non-key columns have no repeated or redundant data (i.e., all possible values for each column should be unique);
c) No duplicate attribute values exist for any pair of rows.

2. Detailed explanation:
a) First Normal Form (1NF): The set of attributes that can be used as primary keys in a table. They are required to have no null values and represent the essential characteristics of the data.
b) Second Normal Form (2NF): The set of attributes that can be used as primary keys or non-key foreign key(s) without duplicating any attribute values. This ensures that the relation is a subset of 1NF, and therefore it satisfies the 3NF condition.
c) Third Normal Form (3NF): A relation that satisfies both 1NF and 2NF conditions.

In our given material, we can see that R has already satisfied 1NF (i.e., All primary key columns are present). Therefore, it satisfies all the requirements for a relation in 2NF, thus being in 3NF.","The definition of 3NF in relation to the given context is similar to that of BCNF, with the only difference being that it also includes partial dependencies. These are illustrated in Figure 15.9 using transitive dependencies. Every BCNF relation is also in 3NF. Transitive dependencies are indicated by a dashed line connecting the two attributes involved in the dependency.","1. Definition: 
    - ""R"" is the name of the table or relation being analyzed (e.g., ""Customer"" in the given material).
    - ""A"" is a subset of R's attributes (columns) that are being examined (e.g., ""Name"", ""Age"", and ""Gender"" in the given material).
    - ""X"" represents an attribute or key for which partial dependencies have been identified (i.e., ""Name"" is a partial dependency because it appears twice in A, but only once in R's attributes).
    - ""Y"" represents an attribute or key for which transitive dependencies have been identified (i.e., ""Age"" and ""Gender"" are transitive dependencies because Age is dependent on both Gender and Name).
2. Detailed Explaination:
    1. Step 1: Analyzing the context carefully
        - The given material provides a step-by-step explanation of the table being analyzed.
        - The section ""Partial Dependencies"" and ""Transitive Depenencies"" illustrate how some attributes or keys can have partially dependent (or partial) relationships with other attributes or keys, while others can have transitive dependencies (i.e., they are related to each other in a chain).
    2. Step 2: Structuring the answer as:
        - Definition
            - ""R"" is the name of the table being analyzed
            - ""A"" is a subset of R's attributes that are being examined
            - ""X"" represents an attribute or key for which partial dependencies have been identified (i.e., ""Name"" is a partial dependency because it appears twice in A)
            - ""Y"" represents an attribute or key for which transitive dependencies have been identified (i.e., ""Age"" and ""Gender"" are transitive dependencies because Age is dependent on both Gender and Name)
3. If the answer is not found in the context, respond with:
    - Not available in provided material (relevant to the given material)
    - Step 1: Analyzing the context carefully
        - The given material provides a step-by-step explanation of the table being analyzed
        - The section ""Partial Dependencies"" and ""Transitive Depenencies"" illustrate how some attributes or keys can have partially dependent (or partial) relationships with other attributes or keys, while others can have transitive dependencies (i.e., they are related to each other in a chain).
    - Step 2: Structuring the answer as:
        - Definition
            - ""R"" is the name of the table being analyzed
            - ""A"" is a subset of R's attributes that are being examined
            - ""X"" represents an attribute or key for which partial dependencies have been identified (i.e., ""Name"" is a partial dependency because it appears twice in A)
            - ""Y"" represents an attribute or key for which transitive dependencies have been identified (i.e., ""Age"" and ""Gender"" are transitive dependencies because Age is dependent on both Gender and Name).",MMR provided the best balance
9,When use B-tree vs Hash index?,"1. Analyzing the context:
a) Definition: A B+-tree is a type of sorted tree data structure that uses incremental updates to efficiently store and retrieve data with minimal space overheads. It is typically used for large-scale database systems, such as relational databases or NoSQL engines like MongoDB.
b) Detailed Explainations:
a) Advantage of B+-tree index files:
1. Automatic reorganization: The B+-tree automatically reorganizes itself with small, local changes to maintain performance.
2. Space efficiency: The space overhead is minimal compared to other data structures like hash tables or array-based indexes.
3. Efficient insertions and deletions: The insertion and deletion operations in a B+-tree are highly efficient due to the tree structure, allowing for fast access to data.
b) Reorganization of entire file is not required to maintain performance:
1. Extra insertion and deletion overheads: The reorganization process can cause some extra insertion or deletion overheads.
2. Space overhead: The space overhead associated with a B+-tree index file is minimal compared to other data structures, which makes it efficient for large databases.

In conclusion, when using B+-trees vs hash indexes, it depends on the specific use case and requirements of the database system. For large-scale databases that require fast access to large volumes of data, a B+-tree is a preferred option due to its efficient space efficiency, minimal reorganization overheads, and ability to handle complex queries efficiently.","Sure, here's an explanation for the given context:

Instruction: Analyze the context carefully.

Response: The given context involves analyzing and explaining step-by-step the differences between a B-tree index file and a hash index file. These files are two common types of data structures used to store and search for data in databases.

In this context, it refers to the fact that the given documents provide an explanation for how B-trees and hash indexes work. This includes:

1. Definition: Both B-trees and hash indexes use a tree structure to organize data in memory or on disk. In both cases, the data is grouped into smaller units known as ""nodes"".

2. Detailed Expansion: After the index files are created, they expand to fill their designated space on disk. They can take up a lot of disk space, so careful consideration must be given to the size and location of index files.

3. Reorganization of Entire File: B-trees reorganize themselves with small local changes (changes that occur within each node) while hash indexes do not. This can result in faster access time when large amounts of data are being searched for.

4. Extra Insertion and Deletion overhead: Both B-trees and hash indexes have extra insertion and deletion overhead compared to other file types, but this can be minimized through careful consideration of the structure and indexing strategy.

5. Advantages: Both B-trees and hash indexes are effective for searching large amounts of data as they provide faster access times than other file types. Additionally, they can be optimized further to minimize overheads while still maintaining good search performance.

6. Disadvantages: While B-trees and hash indexes are effective for certain types of data, they may not be the most suitable choice for all applications. In addition, there are typically advantages and disadvantages related to file structure, indexing strategy, and other factors that influence search performance.","1. Definition:
    A B+ tree is a type of indexing mechanism used to store and retrieve data efficiently. It uses pointers (known as ""leaf nodes"") to represent records or data elements, which are grouped together in a way that makes it easy to locate the required record based on its seaRCh-key value. This mechanism provides fast search, insertion, and deletion operations for large datasets.
    
2. Detailed Explaination:
    The B+ tree uses a ""plus"" operator (operator +) to add nodes that are not already in the tree. The key point here is that this operator creates a new node with its parent as its left child and its right child as its right child. This ensures that each leaf node in the tree has an associated pointer to its parent (the node that contains it), and also allows the tree to be stored efficiently.
    
3. Explanation:
    As for the Advantage of B+-tree index files, they automatically reorganize themselves with small, local changes, in the face of insertions and deletions. This means that when data is being added or removed from a B+-tree, only the relevant part of the tree needs to be updated - rather than the whole thing.
    
4. Disadvantage:
    The disadvantage of B+-trees is extra insertion and deletion overhead, which can add up over time if you have a large dataset. However, in practice, this can often be offset by the efficiency gained from the B+-tree's ability to handle large datasets efficiently.",MMR provided the best balance
10,What is primary key?,"Question:
""What is the definition of primary key?""

Step-by-step Reasoning:
1. Analyze the context carefully: The given document has a list of tables with their attributes, including their primary key constraints. Each table can have only one primary key constraint, which means that each column must have a unique value to be considered as a primary key.
2. Thought out step-by-step explanation: Primary keys are the columns or columns in a table that serve as the primary or unique identifiers for that table. In other words, they represent an essential piece of information about each record and make it easy to identify which records belong to a particular entity or group of entities.
3. Detailed explanation: The alternate keys and overlaping key are not considered primary keys since they do not follow the same set of constraints and must be either a primary key or a referential constraint. Overlaping key means that there is another unique identifier within the same table or table schema. In summary, primary key is the only column in a table that is essential for uniquely identifying a row in each record.","Sure! Here's an explanation for ""Definition"": Primary keys are properties (attributes) of a tuple or record that uniquely identify each individual instance of the relation. For example, let's say we have a relational database with a user table and a contact table. In the user table, we might have columns such as ""id"", ""name"", and ""email"". The primary key for the user table would be the combination of the ""id"" and ""name"" columns. This is because only one record within the user table can have the value for each primary key attribute at any given time. Similarly, in the contact table, we might have columns such as ""id"", ""user_id"", ""phone"", and ""address"". The primary key for the contact table would be the combination of the ""id"" and ""user_id"" columns.

Step-by-step reasoning:

1) Definition: Primary keys are properties (attributes) that uniquely identify each individual instance of the relation (i.e., a tuple or record within the relation).

2) Detailed Explaination: Primary keys in a relational database must be chosen carefully as they represent a real-world enterprise being modelled, and primary key attributes should be given names that are easily understandable by users of the database.

3) Example (if applicable): Let's say we have a relational database with a user table and a contact table. In the user table, we might have columns such as ""id"", ""name"", and ""email"". The primary key for the user table would be the combination of the ""id"" column and any other attributes that are easily understandable by users (e.g., name or phone number). In the contact table, we might have columns such as ""id"", ""user_id"", ""phone"", and ""address"". The primary key for the contact table would be the combination of the ""id"", ""user_id"" column, and any other attributes that are easily understandable by users (e.g., phone number or address).

4) Overlapping Key: An alternate key is a property (attribute) that can exist in more than one record within the relation. In our relational database example, an alternate key for the contact table might be ""phone"". This means that two records within the contact table could have the same value for the ""phone"" attribute at any given time.","In a Database Management System, a primary key is a property of the entire relation, rather than individual tuples. It represents a constraint on the real-world enterprise being modeled by selecting only one candidate key that cannot have the same value for any pair of distinct attributes at the same time. In SQL, a primary key is defined as a column or set of columns that uniquely identify a row within a table. A primary key must be chosen with care, as it can limit the range of values that can be assigned to each row. It is only one primary key that can be created for each table.",MMR provided the best balance
